Peter,Rabbit,peter.rabbit@isms.edu,20000000
Jack,Sparrow,jack.sparrow@isms.edu,20000001
Bruce,Willis,bruce.willis@isms.edu,20000003
George,Jungle,george.jungle@isms.edu,20000002
Billy,Joel,billy.joel@isms.edu,20000005
Emily,Singer,emily.singer@isms.edu,20000004
