vishal,aaa,vishal@gmail.com,001,12345,admin
joe,bbb,joe@gmail.com,002,234,professor
david,ccc,david@gmail.com,003,1234,student
mike,ddd,mike@gmail.com,004,876,professor
george,zzzz,george@gmail.com,053,1234,student
aa,bb,sdf,11,22,student
mn,bv,vc,555,444,student
viki,bee,viki@gmail.com,345,345,student
jacko,cosc,jacko@gmail.com,987,yu,student
tt,rr,er,7,7,student
Amj,naj,sdf,909,909,student
