Vishal,Beeharry,vishal.beeharry@isms.edu,10000000,NaN
John,Walker,john.walker@isms.edu,10000001,NaN
Helen,Mirren,helen.mirren@isms.edu,10000002,NaN
Yusuf,Khan,yusuf.khan@isms.edu,10000003,NaN
Lisa,Burrow,lisa.burrow@isms.edu,10000005,NaN
Shane,Willian,shane.william@isms.edu,10000004,NaN
